-- MySQL Script generated by MySQL Workbench
-- Sat Nov 12 00:41:09 2016
-- Model: New Model    Version: 1.0
-- MySQL Workbench Forward Engineering

SET @OLD_UNIQUE_CHECKS=@@UNIQUE_CHECKS, UNIQUE_CHECKS=0;
SET @OLD_FOREIGN_KEY_CHECKS=@@FOREIGN_KEY_CHECKS, FOREIGN_KEY_CHECKS=0;
SET @OLD_SQL_MODE=@@SQL_MODE, SQL_MODE='TRADITIONAL,ALLOW_INVALID_DATES';

-- -----------------------------------------------------
-- Schema emojiban
-- -----------------------------------------------------
DROP SCHEMA IF EXISTS `emojiban` ;

-- -----------------------------------------------------
-- Schema emojiban
-- -----------------------------------------------------
CREATE SCHEMA IF NOT EXISTS `emojiban` DEFAULT CHARACTER SET utf8mb4 ;
USE `emojiban` ;

-- -----------------------------------------------------
-- Table `emojiban`.`USER`
-- -----------------------------------------------------
DROP TABLE IF EXISTS `emojiban`.`USER` ;

CREATE TABLE IF NOT EXISTS `emojiban`.`USER` (
  `USER_ID` INT UNSIGNED NOT NULL COMMENT '',
  `EMAIL` VARCHAR(200) NOT NULL COMMENT '',
  `NAME` VARCHAR(45) NOT NULL COMMENT '',
  `CREATED_DATETIME` TIMESTAMP NOT NULL DEFAULT CURRENT_DATETIME COMMENT '',
  PRIMARY KEY (`USER_ID`)  COMMENT '',
  UNIQUE INDEX `USER_ID_UNIQUE` (`USER_ID` ASC)  COMMENT '',
  UNIQUE INDEX `EMAIL_UNIQUE` (`EMAIL` ASC)  COMMENT '')
ENGINE = InnoDB;


-- -----------------------------------------------------
-- Table `emojiban`.`EMOJI`
-- -----------------------------------------------------
DROP TABLE IF EXISTS `emojiban`.`EMOJI` ;

CREATE TABLE IF NOT EXISTS `emojiban`.`EMOJI` (
  `EMOJI_ID` INT UNSIGNED NOT NULL AUTO_INCREMENT COMMENT '',
  `IMAGE_PATH` VARCHAR(200) NOT NULL COMMENT '',
  `CREATED_DATETIME` TIMESTAMP NOT NULL DEFAULT CURRENT_TIMESTAMP COMMENT '',
  `USER_ID` INT UNSIGNED NOT NULL COMMENT '',
  PRIMARY KEY (`EMOJI_ID`)  COMMENT '',
  UNIQUE INDEX `EMOJI_ID_UNIQUE` (`EMOJI_ID` ASC)  COMMENT '',
  UNIQUE INDEX `IMAGE_PATH_UNIQUE` (`IMAGE_PATH` ASC)  COMMENT '',
  INDEX `fk_EMOJI_USER1_idx` (`USER_ID` ASC)  COMMENT '',
  CONSTRAINT `fk_EMOJI_USER1`
    FOREIGN KEY (`USER_ID`)
    REFERENCES `emojiban`.`USER` (`USER_ID`)
    ON DELETE NO ACTION
    ON UPDATE NO ACTION)
ENGINE = InnoDB;


-- -----------------------------------------------------
-- Table `emojiban`.`NAME`
-- -----------------------------------------------------
DROP TABLE IF EXISTS `emojiban`.`NAME` ;

CREATE TABLE IF NOT EXISTS `emojiban`.`NAME` (
  `NAME` VARCHAR(20) NOT NULL COMMENT '',
  `EMOJI_ID` INT UNSIGNED NOT NULL COMMENT '',
  PRIMARY KEY (`NAME`, `EMOJI_ID`)  COMMENT '',
  INDEX `fk_ALIAS_EMOJI_idx` (`EMOJI_ID` ASC)  COMMENT '',
  CONSTRAINT `fk_ALIAS_EMOJI`
    FOREIGN KEY (`EMOJI_ID`)
    REFERENCES `emojiban`.`EMOJI` (`EMOJI_ID`)
    ON DELETE NO ACTION
    ON UPDATE NO ACTION)
ENGINE = InnoDB;


-- -----------------------------------------------------
-- Table `emojiban`.`EVALUATION`
-- -----------------------------------------------------
DROP TABLE IF EXISTS `emojiban`.`EVALUATION` ;

CREATE TABLE IF NOT EXISTS `emojiban`.`EVALUATION` (
  `EVALUATION_ID` INT UNSIGNED NOT NULL AUTO_INCREMENT COMMENT '',
  `VALUE` CHAR(1) NOT NULL COMMENT 'G: Good\nB: Bad',
  `EVALUATED_DATETIME` VARCHAR(45) NOT NULL DEFAULT 'CURRENT_DATETIME' COMMENT '',
  `EMOJI_ID` INT UNSIGNED NOT NULL COMMENT '',
  UNIQUE INDEX `EVALUATION_ID_UNIQUE` (`EVALUATION_ID` ASC)  COMMENT '',
  PRIMARY KEY (`EVALUATION_ID`)  COMMENT '',
  INDEX `fk_EVALUATION_EMOJI1_idx` (`EMOJI_ID` ASC)  COMMENT '',
  CONSTRAINT `fk_EVALUATION_EMOJI1`
    FOREIGN KEY (`EMOJI_ID`)
    REFERENCES `emojiban`.`EMOJI` (`EMOJI_ID`)
    ON DELETE NO ACTION
    ON UPDATE NO ACTION)
ENGINE = InnoDB
COMMENT = 'Append Only';


SET SQL_MODE=@OLD_SQL_MODE;
SET FOREIGN_KEY_CHECKS=@OLD_FOREIGN_KEY_CHECKS;
SET UNIQUE_CHECKS=@OLD_UNIQUE_CHECKS;

-- -----------------------------------------------------
-- Data for table `emojiban`.`USER`
-- -----------------------------------------------------
START TRANSACTION;
USE `emojiban`;
INSERT INTO `emojiban`.`USER` (`USER_ID`, `EMAIL`, `NAME`, `CREATED_DATETIME`) VALUES (1, 's.tadokoro0317+emoji1@gmail.com', 'Shunsuke Tadokoro', DEFAULT);
INSERT INTO `emojiban`.`USER` (`USER_ID`, `EMAIL`, `NAME`, `CREATED_DATETIME`) VALUES (2, 's.tadokoro0317+emoji2@gmail.com', 'Haggar', DEFAULT);
INSERT INTO `emojiban`.`USER` (`USER_ID`, `EMAIL`, `NAME`, `CREATED_DATETIME`) VALUES (3, 's.tadokoro0317+emoji3@gmail.com', 'Morizone', DEFAULT);

COMMIT;


-- -----------------------------------------------------
-- Data for table `emojiban`.`EMOJI`
-- -----------------------------------------------------
START TRANSACTION;
USE `emojiban`;
INSERT INTO `emojiban`.`EMOJI` (`EMOJI_ID`, `IMAGE_PATH`, `CREATED_DATETIME`, `USER_ID`) VALUES (1, '1.png', DEFAULT, 1);
INSERT INTO `emojiban`.`EMOJI` (`EMOJI_ID`, `IMAGE_PATH`, `CREATED_DATETIME`, `USER_ID`) VALUES (2, '2.png', DEFAULT, 1);
INSERT INTO `emojiban`.`EMOJI` (`EMOJI_ID`, `IMAGE_PATH`, `CREATED_DATETIME`, `USER_ID`) VALUES (3, '3.png', DEFAULT, 2);
INSERT INTO `emojiban`.`EMOJI` (`EMOJI_ID`, `IMAGE_PATH`, `CREATED_DATETIME`, `USER_ID`) VALUES (4, '4.png', DEFAULT, 3);
INSERT INTO `emojiban`.`EMOJI` (`EMOJI_ID`, `IMAGE_PATH`, `CREATED_DATETIME`, `USER_ID`) VALUES (5, '5.png', DEFAULT, 3);

COMMIT;


-- -----------------------------------------------------
-- Data for table `emojiban`.`NAME`
-- -----------------------------------------------------
START TRANSACTION;
USE `emojiban`;
INSERT INTO `emojiban`.`NAME` (`NAME`, `EMOJI_ID`) VALUES ('swimmy', 1);
INSERT INTO `emojiban`.`NAME` (`NAME`, `EMOJI_ID`) VALUES ('minamisan', 1);
INSERT INTO `emojiban`.`NAME` (`NAME`, `EMOJI_ID`) VALUES ('souichirou', 1);
INSERT INTO `emojiban`.`NAME` (`NAME`, `EMOJI_ID`) VALUES ('totti', 2);
INSERT INTO `emojiban`.`NAME` (`NAME`, `EMOJI_ID`) VALUES ('totti2', 3);
INSERT INTO `emojiban`.`NAME` (`NAME`, `EMOJI_ID`) VALUES ('akiramenai', 4);
INSERT INTO `emojiban`.`NAME` (`NAME`, `EMOJI_ID`) VALUES ('orz', 5);

COMMIT;


-- -----------------------------------------------------
-- Data for table `emojiban`.`EVALUATION`
-- -----------------------------------------------------
START TRANSACTION;
USE `emojiban`;
INSERT INTO `emojiban`.`EVALUATION` (`EVALUATION_ID`, `VALUE`, `EVALUATED_DATETIME`, `EMOJI_ID`) VALUES (1, 'G', DEFAULT, 1);
INSERT INTO `emojiban`.`EVALUATION` (`EVALUATION_ID`, `VALUE`, `EVALUATED_DATETIME`, `EMOJI_ID`) VALUES (2, 'G', DEFAULT, 1);
INSERT INTO `emojiban`.`EVALUATION` (`EVALUATION_ID`, `VALUE`, `EVALUATED_DATETIME`, `EMOJI_ID`) VALUES (3, 'G', DEFAULT, 2);
INSERT INTO `emojiban`.`EVALUATION` (`EVALUATION_ID`, `VALUE`, `EVALUATED_DATETIME`, `EMOJI_ID`) VALUES (4, 'B', DEFAULT, 3);
INSERT INTO `emojiban`.`EVALUATION` (`EVALUATION_ID`, `VALUE`, `EVALUATED_DATETIME`, `EMOJI_ID`) VALUES (5, 'B', DEFAULT, 4);
INSERT INTO `emojiban`.`EVALUATION` (`EVALUATION_ID`, `VALUE`, `EVALUATED_DATETIME`, `EMOJI_ID`) VALUES (6, 'G', DEFAULT, 5);

COMMIT;

